match_id,date,home_team,away_team,score,score_regular,score_penalties,competition,home_players,away_players
1,2026-07-06,Mexico,England,2-3,2-3,NaN,World Cup / Round of 16,Raúl Rangel|Jorge Sánchez|César Montes|Johan Vásquez|Jesús Gallardo|Érik Lira|Luis Romo|Gilberto Mora|Roberto Alvarado|Raúl Jiménez|Julián Quiñones|Edson Álvarez|Brian Gutiérrez|Santiago Giménez|Álvaro Fidalgo|Guillermo Martínez,Jordan Pickford|Jarell Quansah|Ezri Konsa|Marc Guéhi|Nico O'Reilly|Declan Rice|Elliot Anderson|Bukayo Saka|Jude Bellingham|Anthony Gordon|Harry Kane|John Stones|Djed Spence|Dan Burn|Morgan Rogers
2,2026-07-06,Portugal,Spain,0-1,0-1,NaN,World Cup / Round of 16,Diogo Costa|João Cancelo|Rúben Dias|Renato Veiga|Nuno Mendes|Vitinha|João Neves|Pedro Neto|Bruno Fernandes|João Félix|Cristiano Ronaldo|Nélson Semedo|Diogo Dalot|Rafael Leão|Bernardo Silva|Francisco Conceição|Gonçalo Ramos,Unai Simón|Pedro Porro|Pau Cubarsí|Aymeric Laporte|Marc Cucurella|Rodri|Pedri|Lamine Yamal|Dani Olmo|Álex Baena|Mikel Oyarzabal|Ferran Torres|Mikel Merino
3,2026-07-07,Argentina,Egypt,3-2,3-2,NaN,World Cup / Round of 16,Emiliano Martínez|Nahuel Molina|Cristian Romero|Lisandro Martínez|Nicolás Tagliafico|Rodrigo De Paul|Leandro Paredes|Alexis Mac Allister|Enzo Fernández|Lionel Messi|Julián Álvarez|Gonzalo Montiel|Lautaro Martínez|Nicolás Otamendi|Facundo Medina,Nahuel Molina|Cristian Romero|Lisandro Martínez|Nicolás Tagliafico|Rodrigo De Paul|Leandro Paredes|Alexis Mac Allister|Enzo Fernández|Lionel Messi|Julián Álvarez|Mostafa Shobeir|Mohamed Hany|Yasser Ibrahim|Ramy Rabia|Karim Hafez|Marwan Attia|Mohanad Lasheen|Emam Ashour|Mostafa Zico|Mohamed Salah|Haissem Hassan
4,2026-06-12,Canada,Bosnia-Herzegovina,1-1,1-1,NaN,World Cup / Group Stage,Dayne St. Clair | Alistair Johnston | Steven Vitória | Derek Cornelius | Richie Laryea | Tajon Buchanan | Jonathan Osorio | Stephen Eustáquio | Jacob Shaffelburg | Cyle Larin | Jonathan David, Ibrahim Šehić | Dennis Hadžikadunić | Anel Ahmedhodžić | Sinisa Saničanin | Amar Dedić | Miralem Pjanić | Gojko Cimirot | Rade Krunić | Edin Džeko | Ermedin Demirović | Haris Duljević
5,2026-06-12,Qatar,Switzerland,1-1,1-1,NaN,World Cup / Group Stage,Meshaal Barsham | Pedro Miguel | Boualem Khoukhi | Lucas Mendes | Homam Ahmed | Assim Madibo | Ahmed Fathy | Akram Afif | Hassan Al Haydos | Almoez Ali | Ismail Mohamad,Yann Sommer | Ricardo Rodriguez | Manuel Akanji | Nico Elvedi | Silvan Widmer | Granit Xhaka | Remo Freuler | Xherdan Shaqiri | Ruben Vargas | Breel Embolo | Dan Ndoye
6,2026-06-12,Brazil,Morocco,1-1,1-1,NaN,World Cup / Group Stage,Alisson Becker|Danilo|Marquinhos|Thiago Silva|Alex Sandro|Casemiro|Bruno Guimaraes|Lucas Paqueta|Vinicius Junior|Rodrygo|Neymar Junior|subs Brazil,Yassine Bounou|Achraf Hakimi|Nayef Aguerd|Romain Saiss|Yahia Attiyat Allah|Sofyan Amrabat|Azzedine Ounahi|Hakim Ziyech|Amine Adli|Youssef En Nesyri|Sofiane Boufal|subs Morocco
7,2026-06-12,Scotland,Haiti,1-0,1-0,NaN,World Cup / Group Stage,Craig Gordon|Jack Hendry|Scott McKenna|Kieran Tierney|Andy Robertson|Callum McGregor|Billy Gilmour|John McGinn|Ryan Christie|Che Adams|Lyndon Dykes|subs Scotland,Johnny Placide|Carlens Arcus|Ricardo Adé|Jude Sainte|Duckens Nazon|Kevin Lafrance|subs Haiti
8,2026-06-13,Australia,Turkey,2-0,2-0,NaN,World Cup / Group Stage,Mat Ryan|Kye Rowles|Harry Souttar|Aziz Behich|Nathaniel Atkinson|Jackson Irvine|Keegan Smith|Riley McGree|Craig Goodwin|Mitchell Duke|Kusini Yengi|subs Australia,Altay Bayindir|Zeki Celik|Merih Demiral|Abdulkerim Bardakci|Umut Meral|Orkun Kokcu|Hakan Calhanoglu|Arda Guler|Yunus Akgun|Kerem Akturkoglu|Enes Unal|subs Turkey
9,2026-06-13,United States of America,Paraguay,4-1,4-1,NaN,World Cup / Group Stage,Matt Turner|Joe Scally|Cameron Carter Vickers|Tim Ream|Antonee Robinson|Tyler Adams|Weston McKennie|Gio Reyna|Yunus Musah|Christian Pulisic|Ricardo Pepi|subs USA,Carlos Coronel|Gustavo Gomez|Junior Alonso|Omar Alderete|Fabio Cardozo|Andres Cubas|Matias Rojas|Julio Enciso|Miguel Almiron|Gabriel Avalos|subs Paraguay
10,2026-06-13,Germany,Curaçao,7-1,7-1,NaN,World Cup / Group Stage,Manuel Neuer|Joshua Kimmich|Antonio Rudiger|Jonathan Tah|David Raum|Joshua Kimmich|Toni Kroos|Ilkay Gundogan|Jamal Musiala|Kai Havertz|Niclas Fullkrug|subs Germany,Jeremy St Juste|Shurandy Sambo|Jair Tavares|Godfried Roemeratoe|Kevin Felida|Jurien Gaari|Gervane Kastaneer|Kenji Gorre|Elvio Bueno|subs Curaçao
11,2026-06-13,Netherlands,Japan,2-2,2-2,NaN,World Cup / Group Stage,Bart Verbruggen|Jurrien Timber|Virgil van Dijk|Nathan Ake|Denzel Dumfries|Martens de Roon|Ryan Gravenberch|Cody Gakpo|Xavi Simons|Memphis Depay|Steven Bergwijn|subs Netherlands,Shusaku Nishikawa|Takehiro Tomiyasu|Kou Itakura|Ao Tanaka|Wataru Endo|Kaoru Mitoma|Takefusa Kubo|Junya Ito|Daichi Kamada|Ayase Ueda|subs Japan
12,2026-06-13,Ivory Coast,Ecuador,1-0,1-0,NaN,World Cup / Group Stage,Yahia Fofana|Willy Boly|Simon Deli|Ousmane Diomande|Ghislain Konan|Sekou Fofana|Jean Seri|Ibrahim Sangare|Simon Adingra|Nicolas Pepe|Sebastien Haller|subs Ivory Coast,Alexander Dominguez|Byron Castillo|Piero Hincapie|Jackson Porozo|Moises Caicedo|Jhegson Mendez|Alan Franco|Kendry Paez|Enner Valencia|Leonardo Campana|subs Ecuador
13,2026-06-13,Sweden,Tunisia,5-1,5-1,NaN,World Cup / Group Stage,Robin Olsen|Emil Krafth|Victor Lindelof|Andreas Granqvist|Ludwig Augustinsson|Albin Ekdal|Kristoffer Olsson|Emil Forsberg|Dejan Kulusevski|Alexander Isak|Viktor Gyokeres|subs Sweden,Bechir Ben Said|Montassar Talbi|Dylan Bronn|Wajdi Kechrida|Aissa Laidouni|Ellyes Skhiri|Mohamed Ali Ben Romdhane|Seifeddine Jaziri|Elias Achouri|Wahbi Khazri|subs Tunisia
14,2026-06-14,Spain,Cabo Verde,0-0,0-0,NaN,World Cup / Group Stage,Unai Simon|Pedro Porro|Pau Cubarsi|Aymeric Laporte|Marc Cucurella|Rodri|Pedri|Lamine Yamal|Dani Olmo|Alex Baena|Mikel Oyarzabal|subs Spain,Keidyanse Mendes|Logan Costa|Roberto Lopes|Stopira|Jamiro Monteiro|Ryan Mendes|Gilson Tavares|Claudio Tavares|Ricardo Gomes|Garry Rodrigues|subs Cabo Verde
15,2026-06-14,Belgium,Egypt,1-1,1-1,NaN,World Cup / Group Stage,Matz Sels|Timothy Castagne|Wout Faes|Jan Vertonghen|Alexis Saelemaekers|Amadou Onana|Kevin De Bruyne|Youri Tielemans|Jeremy Doku|Romelu Lukaku|Johan Bakayoko|subs Belgium,Mohamed El Shenawy|Mohamed Abdelmonem|Ahmed Hegazy|Mohamed Hany|Ahmed Fatouh|Hamdi Fathy|Emam Ashour|Mohamed Salah|Omar Marmoush|Mostafa Mohamed|subs Egypt
16,2026-06-14,Saudi Arabia,Uruguay,0-0,0-0,NaN,World Cup / Group Stage,Mohammed Al Owais|Ali Al Bulayhi|Abdulelah Al Amri|Mohammed Al Khaibari|Saud Abdulhamid|Salman Al Faraj|Mohammed Kanno|Salem Al Dawsari|Firas Al Brikan|Abdullah Al Hamdan|Abdulrahman Ghareeb|subs Saudi,Roque Valdes|Ronald Araujo|Jose Gimenez|Mathias Olivera|Federico Valverde|Rodrigo Bentancur|Giorgian de Arrascaeta|Darwin Nunez|Facundo Pellistri|subs Uruguay
17,2026-06-15,France,Iraq,3-0,3-0,NaN,World Cup / Group Stage,Mike Maignan|Jules Kounde|Dayot Upamecano|Ibrahima Konate|Theo Hernandez|Eduardo Camavinga|Warren Zaire Emery|Antoine Griezmann|Ousmane Dembele|Kylian Mbappe|Olivier Giroud|subs France,Jalal Hassan|Ali Faez|Saad Natiq|Ahmed Ibrahim|Ali Adnan|Ibrahim Bayesh|Amir Al Ammari|Ali Jasim|Mohannad Ali|subs Iraq
18,2026-06-15,Norway,Senegal,1-4,1-4,NaN,World Cup / Group Stage,Orjan Nyland|Birger Meling|Kristian Thorstvedt|Andreas Hanche Olsen|Ole Selnaes|Martin Odegaard|Mohamed Elyounoussi|Erling Haaland|Alexander Sorloth|Jonas Svensson|Julian Ryerson|subs Norway,Edouard Mendy|Kalidou Koulibaly|Abdou Diallo|Idrissa Gueye|Cheikhou Kouyate|Ismail Jakobs|Habib Diallo|Sadio Mane|Boulaye Dia|Iliman Ndiaye|subs Senegal
19,2026-06-15,Portugal,Uzbekistan,5-0,5-0,NaN,World Cup / Group Stage,Diogo Costa|Diogo Dalot|Pepe|Ruben Dias|Nuno Mendes|Bruno Fernandes|Vitinha|Bernardo Silva|Joao Felix|Cristiano Ronaldo|Rafael Leao|subs Portugal,Utkir Yusupov|Husniddin Aliqulov|Rustam Ashurmatov|Oston Urunov|Jaloliddin Masharipov|Eldor Shomurodov|Abbosbek Fayzullaev|Jamshid Iskanderov|subs Uzbekistan
20,2026-06-15,England,Ghana,0-0,0-0,NaN,World Cup / Group Stage,Jordan Pickford|Kyle Walker|John Stones|Harry Maguire|Luke Shaw|Declan Rice|Jude Bellingham|Phil Foden|Bukayo Saka|Harry Kane|Marcus Rashford|subs England,Lawrence Ati Zigi|Denis Odoi|Mohammed Salisu|Gideon Mensah|Thomas Partey|Mohammed Kudus|Andre Ayew|Kamaldeen Sulemana|subs Ghana
21,2026-06-20,Netherlands,Sweden,5-1,5-1,NaN,World Cup / Group Stage,Bart Verbruggen|Jurrien Timber|Virgil van Dijk|Nathan Ake|Denzel Dumfries|Martens de Roon|Ryan Gravenberch|Cody Gakpo|Xavi Simons|Memphis Depay|Steven Bergwijn|subs Netherlands,Robin Olsen|Emil Krafth|Victor Lindelof|Andreas Granqvist|Ludwig Augustinsson|Albin Ekdal|Kristoffer Olsson|Emil Forsberg|Dejan Kulusevski|Alexander Isak|Viktor Gyokeres|subs Sweden
22,2026-06-20,Germany,Ivory Coast,2-1,2-1,NaN,World Cup / Group Stage,Manuel Neuer|Joshua Kimmich|Antonio Rudiger|Jonathan Tah|David Raum|Toni Kroos|Ilkay Gundogan|Jamal Musiala|Kai Havertz|Niclas Fullkrug|Florian Wirtz|subs Germany,Yahia Fofana|Willy Boly|Simon Deli|Ousmane Diomande|Ghislain Konan|Sekou Fofana|Jean Seri|Ibrahim Sangare|Simon Adingra|Nicolas Pepe|Sebastien Haller|subs Ivory Coast
23,2026-06-20,Ecuador,Curaçao,0-0,0-0,NaN,World Cup / Group Stage,Alexander Dominguez|Byron Castillo|Piero Hincapie|Jackson Porozo|Moises Caicedo|Jhegson Mendez|Alan Franco|Kendry Paez|Enner Valencia|Leonardo Campana|subs Ecuador,Jeremy St Juste|Shurandy Sambo|Jair Tavares|Godfried Roemeratoe|Kevin Felida|Jurien Gaari|Gervane Kastaneer|Kenji Gorre|Elvio Bueno|subs Curaçao
24,2026-06-21,Tunisia,Japan,0-4,0-4,NaN,World Cup / Group Stage,Bechir Ben Said|Montassar Talbi|Dylan Bronn|Wajdi Kechrida|Aissa Laidouni|Ellyes Skhiri|Mohamed Ali Ben Romdhane|Seifeddine Jaziri|Elias Achouri|Wahbi Khazri|subs Tunisia,Shusaku Nishikawa|Takehiro Tomiyasu|Kou Itakura|Ao Tanaka|Wataru Endo|Kaoru Mitoma|Takefusa Kubo|Junya Ito|Daichi Kamada|Ayase Ueda|subs Japan
25,2026-06-21,Spain,Saudi Arabia,4-0,4-0,NaN,World Cup / Group Stage,Unai Simon|Pedro Porro|Pau Cubarsi|Aymeric Laporte|Marc Cucurella|Rodri|Pedri|Lamine Yamal|Dani Olmo|Alex Baena|Mikel Oyarzabal|subs Spain,Mohammed Al Owais|Ali Al Bulayhi|Abdulelah Al Amri|Mohammed Al Khaibari|Saud Abdulhamid|Salman Al Faraj|Mohammed Kanno|Salem Al Dawsari|Firas Al Brikan|Abdullah Al Hamdan|Abdulrahman Ghareeb|subs Saudi Arabia
26,2026-06-21,Belgium,Iran,0-0,0-0,NaN,World Cup / Group Stage,Matz Sels|Timothy Castagne|Wout Faes|Jan Vertonghen|Alexis Saelemaekers|Amadou Onana|Kevin De Bruyne|Youri Tielemans|Jeremy Doku|Romelu Lukaku|Johan Bakayoko|subs Belgium,Mohamed El Shenawy|Mohamed Abdelmonem|Ahmed Hegazy|Mohamed Hany|Ahmed Fatouh|Hamdi Fathy|Emam Ashour|Mohamed Salah|Omar Marmoush|Mostafa Mohamed|subs Iran
27,2026-06-21,Uruguay,Cabo Verde,2-2,2-2,NaN,World Cup / Group Stage,Roque Valdes|Ronald Araujo|Jose Gimenez|Mathias Olivera|Federico Valverde|Rodrigo Bentancur|Giorgian de Arrascaeta|Darwin Nunez|Facundo Pellistri|subs Uruguay,Keidyanse Mendes|Logan Costa|Roberto Lopes|Stopira|Jamiro Monteiro|Ryan Mendes|Gilson Tavares|Claudio Tavares|Ricardo Gomes|Garry Rodrigues|subs Cabo Verde
28,2026-06-22,New Zealand,Egypt,1-3,1-3,NaN,World Cup / Group Stage,Stefan Marinovic|Winston Reid|Michael Boxall|Nando Pijnaker|Kosta Barbarouses|Sarpreet Singh|Clayton Lewis|Chris Wood|Matthew Garbett|subs New Zealand,Mohamed El Shenawy|Mohamed Abdelmonem|Ahmed Hegazy|Mohamed Hany|Ahmed Fatouh|Hamdi Fathy|Emam Ashour|Mohamed Salah|Omar Marmoush|Mostafa Mohamed|subs Egypt
29,2026-06-22,Argentina,Austria,2-0,2-0,NaN,World Cup / Group Stage,Emiliano Martinez|Nahuel Molina|Cristian Romero|Lisandro Martinez|Nicolas Tagliafico|Rodrigo De Paul|Leandro Paredes|Alexis Mac Allister|Enzo Fernandez|Lionel Messi|Julian Alvarez|subs Argentina,Alexander Schlager|Stefan Posch|Kevin Danso|Philipp Lienhart|David Alaba|Marcel Sabitzer|Konrad Laimer|Xaver Schlager|Christoph Baumgartner|Marko Arnautovic|subs Austria
30,2026-06-22,France,Iraq,3-0,3-0,NaN,World Cup / Group Stage,Mike Maignan|Jules Kounde|Dayot Upamecano|Ibrahima Konate|Theo Hernandez|Eduardo Camavinga|Warren Zaire Emery|Antoine Griezmann|Ousmane Dembele|Kylian Mbappe|Olivier Giroud|subs France,Jalal Hassan|Ali Faez|Saad Natiq|Ahmed Ibrahim|Ali Adnan|Ibrahim Bayesh|Amir Al Ammari|Ali Jasim|Mohannad Ali|subs Iraq
31,2026-06-23,Norway,Senegal,3-2,3-2,NaN,World Cup / Group Stage,Orjan Nyland|Birger Meling|Kristian Thorstvedt|Andreas Hanche Olsen|Ole Selnaes|Martin Odegaard|Mohamed Elyounoussi|Erling Haaland|Alexander Sorloth|Jonas Svensson|Julian Ryerson|subs Norway,Edouard Mendy|Kalidou Koulibaly|Abdou Diallo|Idrissa Gueye|Cheikhou Kouyate|Ismail Jakobs|Habib Diallo|Sadio Mane|Boulaye Dia|Iliman Ndiaye|subs Senegal
32,2026-06-23,Jordan,Algeria,1-2,1-2,NaN,World Cup / Group Stage,Yazeed Abu Laila|Mohammed Al Dmeiri|Anas Bani Yaseen|Shareif Adous|Abdallah Nasib|Ehsan Haddad|Nour Al Rawabdeh|Musab Al Battat|Ali Olwan|Mahmoud Al Mardi|subs Jordan,Anthony Mandrea|Aissa Mandi|Ramy Bensebaini|Mohamed Amine Tougai|Youcef Atal|Ismael Bennacer|Ramiz Zerrouki|Adam Ounas|Riyad Mahrez|Baghdad Bounedjah|subs Algeria
33,2026-06-23,Portugal,Uzbekistan,5-0,5-0,NaN,World Cup / Group Stage,Diogo Costa|Diogo Dalot|Pepe|Ruben Dias|Nuno Mendes|Bruno Fernandes|Vitinha|Bernardo Silva|Joao Felix|Cristiano Ronaldo|Rafael Leao|subs Portugal,Utkir Yusupov|Husniddin Aliqulov|Rustam Ashurmatov|Oston Urunov|Jaloliddin Masharipov|Eldor Shomurodov|Abbosbek Fayzullaev|Jamshid Iskanderov|subs Uzbekistan
34,2026-06-23,England,Ghana,0-0,0-0,NaN,World Cup / Group Stage,Jordan Pickford|Kyle Walker|John Stones|Harry Maguire|Luke Shaw|Declan Rice|Jude Bellingham|Phil Foden|Bukayo Saka|Harry Kane|Marcus Rashford|subs England,Lawrence Ati Zigi|Denis Odoi|Mohammed Salisu|Gideon Mensah|Thomas Partey|Mohammed Kudus|Andre Ayew|Kamaldeen Sulemana|subs Ghana
35,2026-06-24,Panama,Croatia,0-1,0-1,NaN,World Cup / Group Stage,Luis Mejia|Michael Murillo|Harold Cummings|Fidel Escobar|Erick Davis|Anibal Godoy|Adalberto Carrasquilla|Jose Luis Rodriguez|Ismael Diaz|Harold Arroyave|subs Panama,Dominik Livakovic|Josip Stanisic|Josko Gvardiol|Josip Sutalo|Borna Sosa|Mateo Kovacic|Marcelo Brozovic|Luka Modric|Ante Budimir|subs Croatia
36,2026-06-24,Colombia,DR Congo,1-0,1-0,NaN,World Cup / Group Stage,Camilo Vargas|Carlos Cuesta|Davinson Sanchez|Frank Fabra|Daniel Munoz|Wilmar Barrios|Mateus Uribe|Luis Diaz|James Rodriguez|Jhon Duran|subs Colombia,Marcelo Kambala|Chancel Mbemba|Dylan Batubinsika|Arthur Masuaku|Gael Kakuta|Cedric Bakambu|Yoane Wissa|subs DR Congo
37,2026-06-24,Bosnia and Herzegovina,Qatar,3-1,3-1,NaN,World Cup / Group Stage,Ibrahim Sehic|Dennis Hadzikadunic|Anel Ahmedhodzic|Sinisa Sanicanin|Amar Dedic|Miralem Pjanic|Gojko Cimirot|Rade Krunic|Edin Dzeko|Ermedin Demirovic|Haris Duljevic|subs Bosnia,Meshaal Barsham|Pedro Miguel|Boualem Khoukhi|Lucas Mendes|Homam Ahmed|Assim Madibo|Ahmed Fathy|Akram Afif|Hassan Al Haydos|Almoez Ali|Ismail Mohamad|subs Qatar
38,2026-06-24,Switzerland,Canada,2-1,2-1,NaN,World Cup / Group Stage,Yann Sommer|Ricardo Rodriguez|Manuel Akanji|Nico Elvedi|Silvan Widmer|Granit Xhaka|Remo Freuler|Xherdan Shaqiri|Ruben Vargas|Breel Embolo|Dan Ndoye|subs Switzerland,Dayne St. Clair|Alistair Johnston|Steven Vitoria|Derek Cornelius|Richie Laryea|Tajon Buchanan|Jonathan Osorio|Stephen Eustaquio|Jacob Shaffelburg|Cyle Larin|Jonathan David|subs Canada
39,2026-06-24,Morocco,Haiti,4-2,4-2,NaN,World Cup / Group Stage,Yassine Bounou|Achraf Hakimi|Nayef Aguerd|Romain Saiss|Yahia Attiyat Allah|Sofyan Amrabat|Azzedine Ounahi|Hakim Ziyech|Amine Adli|Youssef En Nesyri|Sofiane Boufal|subs Morocco,Johnny Placide|Carlens Arcus|Ricardo Adé|Jude Sainte|Duckens Nazon|Kevin Lafrance|subs Haiti
40,2026-06-24,Scotland,Brazil,0-3,0-3,NaN,World Cup / Group Stage,Craig Gordon|Jack Hendry|Scott McKenna|Kieran Tierney|Andy Robertson|Callum McGregor|Billy Gilmour|John McGinn|Ryan Christie|Che Adams|Lyndon Dykes|subs Scotland,Alisson Becker|Danilo|Marquinhos|Thiago Silva|Alex Sandro|Casemiro|Bruno Guimaraes|Lucas Paqueta|Vinicius Junior|Rodrygo|Neymar Junior|subs Brazil
41,2026-06-25,Czech Republic,Mexico,0-3,0-3,NaN,World Cup / Group Stage,Jindrich Stanek|Vladimir Coufal|Tomas Holes|Jakub Brabec|David Zima|Michal Sadilek|Antonin Barak|Tomas Soucek|Vaclav Cerny|Patrik Schick|subs Czech,Guillermo Ochoa|Jorge Sanchez|Edson Alvarez|Johan Vasquez|Jesus Gallardo|Erick Sanchez|Luis Romo|Orbelin Pineda|Uriel Antuna|Santiago Gimenez|subs Mexico
42,2026-06-25,South Africa,South Korea,1-0,1-0,NaN,World Cup / Group Stage,Ronwen Williams|Terrence Masilela|Siyanda Xulu|Thibang Phete|Khuliso Mudau|Teboho Mokoena|Percy Tau|Themba Zwane|Luther Singh|Evidence Makgopa|subs South Africa,Jo Hyeon Woo|Kim Min Jae|Kim Young Gwon|Lee Ki Je|Lee Kang In|Son Heung Min|subs South Korea
43,2026-06-25,Curaçao,Ivory Coast,0-2,0-2,NaN,World Cup / Group Stage,Jeremy St Juste|Shurandy Sambo|Jair Tavares|Godfried Roemeratoe|Kevin Felida|Jurien Gaari|Gervane Kastaneer|Kenji Gorre|Elvio Bueno|subs Curaçao,Yahia Fofana|Willy Boly|Simon Deli|Ousmane Diomande|Ghislain Konan|Sekou Fofana|Jean Seri|Ibrahim Sangare|Simon Adingra|Nicolas Pepe|Sebastien Haller|subs Ivory Coast
44,2026-06-25,Ecuador,Germany,2-1,2-1,NaN,World Cup / Group Stage,Alexander Dominguez|Byron Castillo|Piero Hincapie|Jackson Porozo|Moises Caicedo|Jhegson Mendez|Alan Franco|Kendry Paez|Enner Valencia|Leonardo Campana|subs Ecuador,Manuel Neuer|Joshua Kimmich|Antonio Rudiger|Jonathan Tah|David Raum|Toni Kroos|Ilkay Gundogan|Jamal Musiala|Kai Havertz|Niclas Fullkrug|Florian Wirtz|subs Germany
45,2026-06-25,Japan,Sweden,1-1,1-1,NaN,World Cup / Group Stage,Shusaku Nishikawa|Takehiro Tomiyasu|Kou Itakura|Ao Tanaka|Wataru Endo|Kaoru Mitoma|Takefusa Kubo|Junya Ito|Daichi Kamada|Ayase Ueda|subs Japan,Robin Olsen|Emil Krafth|Victor Lindelof|Andreas Granqvist|Ludwig Augustinsson|Albin Ekdal|Kristoffer Olsson|Emil Forsberg|Dejan Kulusevski|Alexander Isak|Viktor Gyokeres|subs Sweden
46,2026-06-25,Tunisia,Netherlands,1-3,1-3,NaN,World Cup / Group Stage,Bechir Ben Said|Montassar Talbi|Dylan Bronn|Wajdi Kechrida|Aissa Laidouni|Ellyes Skhiri|Mohamed Ali Ben Romdhane|Seifeddine Jaziri|Elias Achouri|Wahbi Khazri|subs Tunisia,Bart Verbruggen|Jurrien Timber|Virgil van Dijk|Nathan Ake|Denzel Dumfries|Martens de Roon|Ryan Gravenberch|Cody Gakpo|Xavi Simons|Memphis Depay|Steven Bergwijn|subs Netherlands
47,2026-06-26,Paraguay,Australia,0-0,0-0,NaN,World Cup / Group Stage,Carlos Coronel|Gustavo Gomez|Junior Alonso|Omar Alderete|Fabio Cardozo|Andres Cubas|Matias Rojas|Julio Enciso|Miguel Almiron|Gabriel Avalos|subs Paraguay,Mat Ryan|Kye Rowles|Harry Souttar|Aziz Behich|Nathaniel Atkinson|Jackson Irvine|Keegan Smith|Riley McGree|Craig Goodwin|Mitchell Duke|Kusini Yengi|subs Australia
48,2026-06-26,Turkey,United States of America,3-2,3-2,NaN,World Cup / Group Stage,Altay Bayindir|Zeki Celik|Merih Demiral|Abdulkerim Bardakci|Umut Meral|Orkun Kokcu|Hakan Calhanoglu|Arda Guler|Yunus Akgun|Kerem Akturkoglu|Enes Unal|subs Turkey,Matt Turner|Joe Scally|Cameron Carter Vickers|Tim Ream|Antonee Robinson|Tyler Adams|Weston McKennie|Gio Reyna|Yunus Musah|Christian Pulisic|Ricardo Pepi|subs United States of America
49,2026-06-26,Norway,France,1-4,1-4,NaN,World Cup / Group Stage,Orjan Nyland|Birger Meling|Kristian Thorstvedt|Andreas Hanche Olsen|Ole Selnaes|Martin Odegaard|Mohamed Elyounoussi|Erling Haaland|Alexander Sorloth|Jonas Svensson|Julian Ryerson|subs Norway,Mike Maignan|Jules Kounde|Dayot Upamecano|Ibrahima Konate|Theo Hernandez|Eduardo Camavinga|Warren Zaire Emery|Antoine Griezmann|Ousmane Dembele|Kylian Mbappe|Olivier Giroud|subs France
50,2026-06-26,Senegal,Iraq,5-0,5-0,NaN,World Cup / Group Stage,Edouard Mendy|Kalidou Koulibaly|Abdou Diallo|Idrissa Gueye|Cheikhou Kouyate|Ismail Jakobs|Habib Diallo|Sadio Mane|Boulaye Dia|Iliman Ndiaye|subs Senegal,Jalal Hassan|Ali Faez|Saad Natiq|Ahmed Ibrahim|Ali Adnan|Ibrahim Bayesh|Amir Al Ammari|Ali Jasim|Mohannad Ali|subs Iraq
51,2026-06-26,Cabo Verde,Saudi Arabia,0-0,0-0,NaN,World Cup / Group Stage,Keidyanse Mendes|Logan Costa|Roberto Lopes|Stopira|Jamiro Monteiro|Ryan Mendes|Gilson Tavares|Claudio Tavares|Ricardo Gomes|Garry Rodrigues|subs Cabo Verde,Mohammed Al Owais|Ali Al Bulayhi|Abdulelah Al Amri|Mohammed Al Khaibari|Saud Abdulhamid|Salman Al Faraj|Mohammed Kanno|Salem Al Dawsari|Firas Al Brikan|Abdullah Al Hamdan|Abdulrahman Ghareeb|subs Saudi Arabia
52,2026-06-26,Uruguay,Spain,0-1,0-1,NaN,World Cup / Group Stage,Roque Valdes|Ronald Araujo|Jose Gimenez|Mathias Olivera|Federico Valverde|Rodrigo Bentancur|Giorgian de Arrascaeta|Darwin Nunez|Facundo Pellistri|subs Uruguay,Unai Simon|Pedro Porro|Pau Cubarsi|Aymeric Laporte|Marc Cucurella|Rodri|Pedri|Lamine Yamal|Dani Olmo|Alex Baena|Mikel Oyarzabal|subs Spain
53,2026-06-27,Croatia,Ghana,2-1,2-1,NaN,World Cup / Group Stage,Dominik Livakovic|Josip Stanisic|Josko Gvardiol|Josip Sutalo|Borna Sosa|Mateo Kovacic|Marcelo Brozovic|Luka Modric|Ante Budimir|subs Croatia,Lawrence Ati Zigi|Denis Odoi|Mohammed Salisu|Gideon Mensah|Thomas Partey|Mohammed Kudus|Andre Ayew|Kamaldeen Sulemana|subs Ghana
54,2026-06-27,Panama,England,0-2,0-2,NaN,World Cup / Group Stage,Luis Mejia|Michael Murillo|Harold Cummings|Fidel Escobar|Erick Davis|Anibal Godoy|Adalberto Carrasquilla|Jose Luis Rodriguez|Ismael Diaz|Harold Arroyave|subs Panama,Jordan Pickford|Kyle Walker|John Stones|Harry Maguire|Luke Shaw|Declan Rice|Jude Bellingham|Phil Foden|Bukayo Saka|Harry Kane|Marcus Rashford|subs England
55,2026-06-27,Colombia,DR Congo,1-0,1-0,NaN,World Cup / Group Stage,Camilo Vargas|Carlos Cuesta|Davinson Sanchez|Frank Fabra|Daniel Munoz|Wilmar Barrios|Mateus Uribe|Luis Diaz|James Rodriguez|Jhon Duran|subs Colombia,Marcelo Kambala|Chancel Mbemba|Dylan Batubinsika|Arthur Masuaku|Gael Kakuta|Cedric Bakambu|Yoane Wissa|subs DR Congo
56,2026-06-27,Bosnia and Herzegovina,Qatar,3-1,3-1,NaN,World Cup / Group Stage,Ibrahim Sehic|Dennis Hadzikadunic|Anel Ahmedhodzic|Sinisa Sanicanin|Amar Dedic|Miralem Pjanic|Gojko Cimirot|Rade Krunic|Edin Dzeko|Ermedin Demirovic|Haris Duljevic|subs Bosnia,Meshaal Barsham|Pedro Miguel|Boualem Khoukhi|Lucas Mendes|Homam Ahmed|Assim Madibo|Ahmed Fathy|Akram Afif|Hassan Al Haydos|Almoez Ali|Ismail Mohamad|subs Qatar
57,2026-06-27,Switzerland,Canada,2-1,2-1,NaN,World Cup / Group Stage,Yann Sommer|Ricardo Rodriguez|Manuel Akanji|Nico Elvedi|Silvan Widmer|Granit Xhaka|Remo Freuler|Xherdan Shaqiri|Ruben Vargas|Breel Embolo|Dan Ndoye|subs Switzerland,Dayne St. Clair|Alistair Johnston|Steven Vitoria|Derek Cornelius|Richie Laryea|Tajon Buchanan|Jonathan Osorio|Stephen Eustaquio|Jacob Shaffelburg|Cyle Larin|Jonathan David|subs Canada
58,2026-06-27,Morocco,Haiti,4-2,4-2,NaN,World Cup / Group Stage,Yassine Bounou|Achraf Hakimi|Nayef Aguerd|Romain Saiss|Yahia Attiyat Allah|Sofyan Amrabat|Azzedine Ounahi|Hakim Ziyech|Amine Adli|Youssef En Nesyri|Sofiane Boufal|subs Morocco,Johnny Placide|Carlens Arcus|Ricardo Adé|Jude Sainte|Duckens Nazon|Kevin Lafrance|subs Haiti
59,2026-06-27,Scotland,Brazil,0-3,0-3,NaN,World Cup / Group Stage,Craig Gordon|Jack Hendry|Scott McKenna|Kieran Tierney|Andy Robertson|Callum McGregor|Billy Gilmour|John McGinn|Ryan Christie|Che Adams|Lyndon Dykes|subs Scotland,Alisson Becker|Danilo|Marquinhos|Thiago Silva|Alex Sandro|Casemiro|Bruno Guimaraes|Lucas Paqueta|Vinicius Junior|Rodrygo|Neymar Junior|subs Brazil
60,2026-06-28,Colombia,Portugal,0-0,0-0,NaN,World Cup / Group Stage,Camilo Vargas|Carlos Cuesta|Davinson Sanchez|Frank Fabra|Daniel Munoz|Wilmar Barrios|Mateus Uribe|Luis Diaz|James Rodriguez|Jhon Duran|subs Colombia,Diogo Costa|Diogo Dalot|Pepe|Ruben Dias|Nuno Mendes|Bruno Fernandes|Vitinha|Bernardo Silva|Joao Felix|Cristiano Ronaldo|Rafael Leao|subs Portugal
61,2026-06-28,DR Congo,Uzbekistan,3-1,3-1,NaN,World Cup / Group Stage,Marcelo Kambala|Chancel Mbemba|Dylan Batubinsika|Arthur Masuaku|Gael Kakuta|Cedric Bakambu|Yoane Wissa|subs DR Congo,Utkir Yusupov|Husniddin Aliqulov|Rustam Ashurmatov|Oston Urunov|Jaloliddin Masharipov|Eldor Shomurodov|Abbosbek Fayzullaev|Jamshid Iskanderov|subs Uzbekistan
62,2026-06-28,Algeria,Austria,3-3,3-3,NaN,World Cup / Group Stage,Anthony Mandrea|Aissa Mandi|Ramy Bensebaini|Mohamed Amine Tougai|Youcef Atal|Ismael Bennacer|Ramiz Zerrouki|Adam Ounas|Riyad Mahrez|Baghdad Bounedjah|subs Algeria,Alexander Schlager|Stefan Posch|Kevin Danso|Philipp Lienhart|David Alaba|Marcel Sabitzer|Konrad Laimer|Xaver Schlager|Christoph Baumgartner|Marko Arnautovic|subs Austria
63,2026-06-28,Jordan,Argentina,1-3,1-3,NaN,World Cup / Group Stage,Yazeed Abu Laila|Mohammed Al Dmeiri|Anas Bani Yaseen|Shareif Adous|Abdallah Nasib|Ehsan Haddad|Nour Al Rawabdeh|Musab Al Battat|Ali Olwan|Mahmoud Al Mardi|subs Jordan,Emiliano Martinez|Nahuel Molina|Cristian Romero|Lisandro Martinez|Nicolas Tagliafico|Rodrigo De Paul|Leandro Paredes|Alexis Mac Allister|Enzo Fernandez|Lionel Messi|Julian Alvarez|subs Argentina
64,2026-06-28,South Africa,Canada,0-1,0-1,NaN,World Cup / Group Stage,Ronwen Williams|Terrence Masilela|Siyanda Xulu|Thibang Phete|Khuliso Mudau|Teboho Mokoena|Percy Tau|Themba Zwane|Luther Singh|Evidence Makgopa|subs South Africa,Dayne St. Clair|Alistair Johnston|Steven Vitoria|Derek Cornelius|Richie Laryea|Tajon Buchanan|Jonathan Osorio|Stephen Eustaquio|Jacob Shaffelburg|Cyle Larin|Jonathan David|subs Canada
65,2026-06-29,Germany,Paraguay,1-1,1-1,3-4,Round of 32,Manuel Neuer|Joshua Kimmich|Antonio Rudiger|Jonathan Tah|David Raum|Toni Kroos|Ilkay Gundogan|Jamal Musiala|Kai Havertz|Niclas Fullkrug|Florian Wirtz|subs Germany,Carlos Coronel|Gustavo Gomez|Junior Alonso|Omar Alderete|Fabio Cardozo|Andres Cubas|Matias Rojas|Julio Enciso|Miguel Almiron|Gabriel Avalos|subs Paraguay
66,2026-06-29,Netherlands,Morocco,1-1,1-1,2-3,Round of 32,Bart Verbruggen|Jurrien Timber|Virgil van Dijk|Nathan Ake|Denzel Dumfries|Martens de Roon|Ryan Gravenberch|Cody Gakpo|Xavi Simons|Memphis Depay|Steven Bergwijn|subs Netherlands,Yassine Bounou|Achraf Hakimi|Nayef Aguerd|Romain Saiss|Yahia Attiyat Allah|Sofyan Amrabat|Azzedine Ounahi|Hakim Ziyech|Amine Adli|Youssef En Nesyri|Sofiane Boufal|subs Morocco
67,2026-06-30,Ivory Coast,Norway,1-2,1-2,NaN,Round of 32,Yahia Fofana|Willy Boly|Simon Deli|Ousmane Diomande|Ghislain Konan|Sekou Fofana|Jean Seri|Ibrahim Sangare|Simon Adingra|Nicolas Pepe|Sebastien Haller|subs Ivory Coast,Orjan Nyland|Birger Meling|Kristian Thorstvedt|Andreas Hanche Olsen|Ole Selnaes|Martin Odegaard|Mohamed Elyounoussi|Erling Haaland|Alexander Sorloth|Jonas Svensson|Julian Ryerson|subs Norway
68,2026-06-30,France,Sweden,3-0,3-0,NaN,Round of 32,Mike Maignan|Jules Kounde|Dayot Upamecano|Ibrahima Konate|Theo Hernandez|Eduardo Camavinga|Warren Zaire Emery|Antoine Griezmann|Ousmane Dembele|Kylian Mbappe|Olivier Giroud|subs France,Robin Olsen|Emil Krafth|Victor Lindelof|Andreas Granqvist|Ludwig Augustinsson|Albin Ekdal|Kristoffer Olsson|Emil Forsberg|Dejan Kulusevski|Alexander Isak|Viktor Gyokeres|subs Sweden
69,2026-07-02,Spain,Austria,3-0,3-0,NaN,Round of 32,Unai Simon|Pedro Porro|Pau Cubarsi|Aymeric Laporte|Marc Cucurella|Rodri|Pedri|Lamine Yamal|Dani Olmo|Alex Baena|Mikel Oyarzabal|subs Spain,Alexander Schlager|Stefan Posch|Kevin Danso|Philipp Lienhart|David Alaba|Marcel Sabitzer|Konrad Laimer|Xaver Schlager|Christoph Baumgartner|Marko Arnautovic|subs Austria
70,2026-07-02,Portugal,Croatia,2-1,2-1,NaN,Round of 32,Diogo Costa|Diogo Dalot|Pepe|Ruben Dias|Nuno Mendes|Bruno Fernandes|Vitinha|Bernardo Silva|Joao Felix|Cristiano Ronaldo|Rafael Leao|subs Portugal,Dominik Livakovic|Josip Stanisic|Josko Gvardiol|Josip Sutalo|Borna Sosa|Mateo Kovacic|Marcelo Brozovic|Luka Modric|Ante Budimir|subs Croatia
71,2026-07-02,Switzerland,Algeria,2-0,2-0,NaN,Round of 32,Yann Sommer|Ricardo Rodriguez|Manuel Akanji|Nico Elvedi|Silvan Widmer|Granit Xhaka|Remo Freuler|Xherdan Shaqiri|Ruben Vargas|Breel Embolo|Dan Ndoye|subs Switzerland,Anthony Mandrea|Aissa Mandi|Ramy Bensebaini|Mohamed Amine Tougai|Youcef Atal|Ismael Bennacer|Ramiz Zerrouki|Adam Ounas|Riyad Mahrez|Baghdad Bounedjah|subs Algeria
72,2026-07-03,Australia,Egypt,1-1,1-1,2-4,Round of 32,Mat Ryan|Kye Rowles|Harry Souttar|Aziz Behich|Nathaniel Atkinson|Jackson Irvine|Keegan Smith|Riley McGree|Craig Goodwin|Mitchell Duke|Kusini Yengi|subs Australia,Mohamed El Shenawy|Mohamed Abdelmonem|Ahmed Hegazy|Mohamed Hany|Ahmed Fatouh|Hamdi Fathy|Emam Ashour|Mohamed Salah|Omar Marmoush|Mostafa Mohamed|subs Egypt
73,2026-07-03,Argentina,Cabo Verde,3-2,3-2 (AET),NaN,Round of 32,Emiliano Martinez|Nahuel Molina|Cristian Romero|Lisandro Martinez|Nicolas Tagliafico|Rodrigo De Paul|Leandro Paredes|Alexis Mac Allister|Enzo Fernandez|Lionel Messi|Julian Alvarez|subs Argentina,Keidyanse Mendes|Logan Costa|Roberto Lopes|Stopira|Jamiro Monteiro|Ryan Mendes|Gilson Tavares|Claudio Tavares|Ricardo Gomes|Garry Rodrigues|subs Cabo Verde
74,2026-07-03,Colombia,Ghana,1-0,1-0,NaN,Round of 32,Camilo Vargas|Carlos Cuesta|Davinson Sanchez|Frank Fabra|Daniel Munoz|Wilmar Barrios|Mateus Uribe|Luis Diaz|James Rodriguez|Jhon Duran|subs Colombia,Lawrence Ati Zigi|Denis Odoi|Mohammed Salisu|Gideon Mensah|Thomas Partey|Mohammed Kudus|Andre Ayew|Kamaldeen Sulemana|subs Ghana
75,2026-07-04,Canada,Morocco,0-3,0-3,NaN,Round of 16,Dayne St. Clair|Alistair Johnston|Steven Vitoria|Derek Cornelius|Richie Laryea|Tajon Buchanan|Jonathan Osorio|Stephen Eustaquio|Jacob Shaffelburg|Cyle Larin|Jonathan David|subs Canada,Yassine Bounou|Achraf Hakimi|Nayef Aguerd|Romain Saiss|Yahia Attiyat Allah|Sofyan Amrabat|Azzedine Ounahi|Hakim Ziyech|Amine Adli|Youssef En Nesyri|Sofiane Boufal|subs Morocco
76,2026-07-04,Paraguay,France,0-1,0-1,NaN,Round of 16,Carlos Coronel|Gustavo Gomez|Junior Alonso|Omar Alderete|Fabio Cardozo|Andres Cubas|Matias Rojas|Julio Enciso|Miguel Almiron|Gabriel Avalos|subs Paraguay,Mike Maignan|Jules Kounde|Dayot Upamecano|Ibrahima Konate|Theo Hernandez|Eduardo Camavinga|Warren Zaire Emery|Antoine Griezmann|Ousmane Dembele|Kylian Mbappe|Olivier Giroud|subs France
77,2026-07-05,Brazil,Norway,1-2,1-2,NaN,Round of 16,Alisson Becker|Danilo|Marquinhos|Thiago Silva|Alex Sandro|Casemiro|Bruno Guimaraes|Lucas Paqueta|Vinicius Junior|Rodrygo|Neymar Junior|subs Brazil,Orjan Nyland|Birger Meling|Kristian Thorstvedt|Andreas Hanche Olsen|Ole Selnaes|Martin Odegaard|Mohamed Elyounoussi|Erling Haaland|Alexander Sorloth|Jonas Svensson|Julian Ryerson|subs Norway
78,2026-07-05,Mexico,England,2-3,2-3,NaN,Round of 16,Guillermo Ochoa|Jorge Sanchez|Edson Alvarez|Johan Vasquez|Jesus Gallardo|Erick Sanchez|Luis Romo|Orbelin Pineda|Uriel Antuna|Santiago Gimenez|subs Mexico,Jordan Pickford|Kyle Walker|John Stones|Harry Maguire|Luke Shaw|Declan Rice|Jude Bellingham|Phil Foden|Bukayo Saka|Harry Kane|Marcus Rashford|subs England
79,2026-07-06,Portugal,Spain,0-1,0-1,NaN,Round of 16,Diogo Costa|Diogo Dalot|Pepe|Ruben Dias|Nuno Mendes|Bruno Fernandes|Vitinha|Bernardo Silva|Joao Felix|Cristiano Ronaldo|Rafael Leao|subs Portugal,Unai Simon|Pedro Porro|Pau Cubarsi|Aymeric Laporte|Marc Cucurella|Rodri|Pedri|Lamine Yamal|Dani Olmo|Alex Baena|Mikel Oyarzabal|subs Spain
80,2026-07-03,Argentina,Cabo Verde,3-2,3-2 (AET),NaN,Round of 32,Emiliano Martinez|Nahuel Molina|Cristian Romero|Lisandro Martinez|Nicolas Tagliafico|Rodrigo De Paul|Leandro Paredes|Alexis Mac Allister|Enzo Fernandez|Lionel Messi|Julian Alvarez|subs Argentina,Keidyanse Mendes|Logan Costa|Roberto Lopes|Stopira|Jamiro Monteiro|Ryan Mendes|Gilson Tavares|Claudio Tavares|Ricardo Gomes|Garry Rodrigues|subs Cabo Verde
81,2026-07-03,Colombia,Ghana,1-0,1-0,NaN,Round of 32,Camilo Vargas|Carlos Cuesta|Davinson Sanchez|Frank Fabra|Daniel Munoz|Wilmar Barrios|Mateus Uribe|Luis Diaz|James Rodriguez|Jhon Duran|subs Colombia,Lawrence Ati Zigi|Denis Odoi|Mohammed Salisu|Gideon Mensah|Thomas Partey|Mohammed Kudus|Andre Ayew|Kamaldeen Sulemana|subs Ghana
82,2026-07-04,Canada,Morocco,0-3,0-3,NaN,Round of 16,Dayne St. Clair|Alistair Johnston|Steven Vitoria|Derek Cornelius|Richie Laryea|Tajon Buchanan|Jonathan Osorio|Stephen Eustaquio|Jacob Shaffelburg|Cyle Larin|Jonathan David|subs Canada,Yassine Bounou|Achraf Hakimi|Nayef Aguerd|Romain Saiss|Yahia Attiyat Allah|Sofyan Amrabat|Azzedine Ounahi|Hakim Ziyech|Amine Adli|Youssef En Nesyri|Sofiane Boufal|subs Morocco
83,2026-07-04,Paraguay,France,0-1,0-1,NaN,Round of 16,Carlos Coronel|Gustavo Gomez|Junior Alonso|Omar Alderete|Fabio Cardozo|Andres Cubas|Matias Rojas|Julio Enciso|Miguel Almiron|Gabriel Avalos|subs Paraguay,Mike Maignan|Jules Kounde|Dayot Upamecano|Ibrahima Konate|Theo Hernandez|Eduardo Camavinga|Warren Zaire Emery|Antoine Griezmann|Ousmane Dembele|Kylian Mbappe|Olivier Giroud|subs France
84,2026-07-05,Brazil,Norway,1-2,1-2,NaN,Round of 16,Alisson Becker|Danilo|Marquinhos|Thiago Silva|Alex Sandro|Casemiro|Bruno Guimaraes|Lucas Paqueta|Vinicius Junior|Rodrygo|Neymar Junior|subs Brazil,Orjan Nyland|Birger Meling|Kristian Thorstvedt|Andreas Hanche Olsen|Ole Selnaes|Martin Odegaard|Mohamed Elyounoussi|Erling Haaland|Alexander Sorloth|Jonas Svensson|Julian Ryerson|subs Norway
85,2026-07-05,Mexico,England,2-3,2-3,NaN,Round of 16,Guillermo Ochoa|Jorge Sanchez|Edson Alvarez|Johan Vasquez|Jesus Gallardo|Erick Sanchez|Luis Romo|Orbelin Pineda|Uriel Antuna|Santiago Gimenez|subs Mexico,Jordan Pickford|Kyle Walker|John Stones|Harry Maguire|Luke Shaw|Declan Rice|Jude Bellingham|Phil Foden|Bukayo Saka|Harry Kane|Marcus Rashford|subs England
86,2026-07-06,Portugal,Spain,0-1,0-1,NaN,Round of 16,Diogo Costa|Diogo Dalot|Pepe|Ruben Dias|Nuno Mendes|Bruno Fernandes|Vitinha|Bernardo Silva|Joao Felix|Cristiano Ronaldo|Rafael Leao|subs Portugal,Unai Simon|Pedro Porro|Pau Cubarsi|Aymeric Laporte|Marc Cucurella|Rodri|Pedri|Lamine Yamal|Dani Olmo|Alex Baena|Mikel Oyarzabal|subs Spain
87,2026-07-06,United States of America,Belgium,1-4,1-4,NaN,Round of 16,Matt Turner|Joe Scally|Cameron Carter Vickers|Tim Ream|Antonee Robinson|Tyler Adams|Weston McKennie|Gio Reyna|Yunus Musah|Christian Pulisic|Ricardo Pepi|subs United States of America,Matz Sels|Timothy Castagne|Wout Faes|Jan Vertonghen|Alexis Saelemaekers|Amadou Onana|Kevin De Bruyne|Youri Tielemans|Jeremy Doku|Romelu Lukaku|Johan Bakayoko|subs Belgium
88,2026-07-07,Argentina,Egypt,3-2,3-2,NaN,Round of 16,Emiliano Martinez|Nahuel Molina|Cristian Romero|Lisandro Martinez|Nicolas Tagliafico|Rodrigo De Paul|Leandro Paredes|Alexis Mac Allister|Enzo Fernandez|Lionel Messi|Julian Alvarez|subs Argentina,Mohamed El Shenawy|Mohamed Abdelmonem|Ahmed Hegazy|Mohamed Hany|Ahmed Fatouh|Hamdi Fathy|Emam Ashour|Mohamed Salah|Omar Marmoush|Mostafa Mohamed|subs Egypt
89,2026-07-07,Switzerland,Colombia,0-0,0-0,4-3,Round of 16,Yann Sommer|Ricardo Rodriguez|Manuel Akanji|Nico Elvedi|Silvan Widmer|Granit Xhaka|Remo Freuler|Xherdan Shaqiri|Ruben Vargas|Breel Embolo|Dan Ndoye|subs Switzerland,Camilo Vargas|Carlos Cuesta|Davinson Sanchez|Frank Fabra|Daniel Munoz|Wilmar Barrios|Mateus Uribe|Luis Diaz|James Rodriguez|Jhon Duran|subs Colombia
90,2026-07-09,France,Morocco,2-0,2-0,NaN,Quarter-final,Mike Maignan|Jules Kounde|Dayot Upamecano|Ibrahima Konate|Theo Hernandez|Eduardo Camavinga|Warren Zaire Emery|Antoine Griezmann|Ousmane Dembele|Kylian Mbappe|Olivier Giroud|subs France,Yassine Bounou|Achraf Hakimi|Nayef Aguerd|Romain Saiss|Yahia Attiyat Allah|Sofyan Amrabat|Azzedine Ounahi|Hakim Ziyech|Amine Adli|Youssef En Nesyri|Sofiane Boufal|subs Morocco
91,2026-07-10,Spain,Belgium,2-1,2-1,NaN,Quarter-final,Unai Simon|Pedro Porro|Pau Cubarsi|Aymeric Laporte|Marc Cucurella|Rodri|Pedri|Lamine Yamal|Dani Olmo|Alex Baena|Mikel Oyarzabal|subs Spain,Matz Sels|Timothy Castagne|Wout Faes|Jan Vertonghen|Alexis Saelemaekers|Amadou Onana|Kevin De Bruyne|Youri Tielemans|Jeremy Doku|Romelu Lukaku|Johan Bakayoko|subs Belgium
92,2026-07-11,Norway,England,1-2,1-1 (AET),NaN,Quarter-final,Orjan Nyland|Birger Meling|Kristian Thorstvedt|Andreas Hanche Olsen|Ole Selnaes|Martin Odegaard|Mohamed Elyounoussi|Erling Haaland|Alexander Sorloth|Jonas Svensson|Julian Ryerson|subs Norway,Jordan Pickford|Kyle Walker|John Stones|Harry Maguire|Luke Shaw|Declan Rice|Jude Bellingham|Phil Foden|Bukayo Saka|Harry Kane|Marcus Rashford|subs England
93,2026-07-06,Portugal,Spain,0-1,0-1,NaN,Round of 16,Diogo Costa|Diogo Dalot|Pepe|Ruben Dias|Nuno Mendes|Bruno Fernandes|Vitinha|Bernardo Silva|Joao Felix|Cristiano Ronaldo|Rafael Leao|subs Portugal,Unai Simon|Pedro Porro|Pau Cubarsi|Aymeric Laporte|Marc Cucurella|Rodri|Pedri|Lamine Yamal|Dani Olmo|Alex Baena|Mikel Oyarzabal|subs Spain
94,2026-07-06,United States of America,Belgium,1-4,1-4,NaN,Round of 16,Matt Turner|Joe Scally|Cameron Carter Vickers|Tim Ream|Antonee Robinson|Tyler Adams|Weston McKennie|Gio Reyna|Yunus Musah|Christian Pulisic|Ricardo Pepi|subs United States of America,Matz Sels|Timothy Castagne|Wout Faes|Jan Vertonghen|Alexis Saelemaekers|Amadou Onana|Kevin De Bruyne|Youri Tielemans|Jeremy Doku|Romelu Lukaku|Johan Bakayoko|subs Belgium
95,2026-07-07,Argentina,Egypt,3-2,3-2,NaN,World Cup / Round of 16,Emiliano Martinez|Nahuel Molina|Cristian Romero|Lisandro Martinez|Nicolas Tagliafico|Rodrigo De Paul|Leandro Paredes|Alexis Mac Allister|Enzo Fernandez|Lionel Messi|Julian Alvarez|subs Argentina,Mohamed El Shenawy|Mohamed Abdelmonem|Ahmed Hegazy|Mohamed Hany|Ahmed Fatouh|Hamdi Fathy|Emam Ashour|Mohamed Salah|Omar Marmoush|Mostafa Mohamed|subs Egypt
96,2026-07-07,Switzerland,Colombia,0-0,0-0,4-3,World Cup / Round of 16,Yann Sommer|Ricardo Rodriguez|Manuel Akanji|Nico Elvedi|Silvan Widmer|Granit Xhaka|Remo Freuler|Xherdan Shaqiri|Ruben Vargas|Breel Embolo|Dan Ndoye|subs Switzerland,Camilo Vargas|Carlos Cuesta|Davinson Sanchez|Frank Fabra|Daniel Munoz|Wilmar Barrios|Mateus Uribe|Luis Diaz|James Rodriguez|Jhon Duran|subs Colombia
97,2026-07-09,France,Morocco,2-0,2-0,NaN,World Cup / Quarter-final,Mike Maignan|Jules Kounde|Dayot Upamecano|Ibrahima Konate|Theo Hernandez|Eduardo Camavinga|Warren Zaire Emery|Antoine Griezmann|Ousmane Dembele|Kylian Mbappe|Olivier Giroud|subs France,Yassine Bounou|Achraf Hakimi|Nayef Aguerd|Romain Saiss|Yahia Attiyat Allah|Sofyan Amrabat|Azzedine Ounahi|Hakim Ziyech|Amine Adli|Youssef En Nesyri|Sofiane Boufal|subs Morocco
98,2026-07-10,Spain,Belgium,2-1,2-1,NaN,World Cup / Quarter-final,Unai Simon|Pedro Porro|Pau Cubarsi|Aymeric Laporte|Marc Cucurella|Rodri|Pedri|Lamine Yamal|Dani Olmo|Alex Baena|Mikel Oyarzabal|subs Spain,Matz Sels|Timothy Castagne|Wout Faes|Jan Vertonghen|Alexis Saelemaekers|Amadou Onana|Kevin De Bruyne|Youri Tielemans|Jeremy Doku|Romelu Lukaku|Johan Bakayoko|subs Belgium
99,2026-07-11,Norway,England,1-2,1-1 (AET),NaN,World Cup / Quarter-final,Orjan Nyland|Birger Meling|Kristian Thorstvedt|Andreas Hanche Olsen|Ole Selnaes|Martin Odegaard|Mohamed Elyounoussi|Erling Haaland|Alexander Sorloth|Jonas Svensson|Julian Ryerson|subs Norway,Jordan Pickford|Kyle Walker|John Stones|Harry Maguire|Luke Shaw|Declan Rice|Jude Bellingham|Phil Foden|Bukayo Saka|Harry Kane|Marcus Rashford|subs England
100,2026-07-12,Argentina,Switzerland,3-1,2-0 (AET),NaN,World Cup / Quarter-final,Emiliano Martinez|Nahuel Molina|Cristian Romero|Lisandro Martinez|Nicolas Tagliafico|Rodrigo De Paul|Leandro Paredes|Alexis Mac Allister|Enzo Fernandez|Lionel Messi|Julian Alvarez|subs Argentina,Yann Sommer|Ricardo Rodriguez|Manuel Akanji|Nico Elvedi|Silvan Widmer|Granit Xhaka|Remo Freuler|Xherdan Shaqiri|Ruben Vargas|Breel Embolo|Dan Ndoye|subs Switzerland
101,2026-07-14,France,Spain,0-2,0-2,NaN,World Cup / Semi-final,Mike Maignan|Jules Kounde|Dayot Upamecano|Ibrahima Konate|Theo Hernandez|Eduardo Camavinga|Warren Zaire Emery|Antoine Griezmann|Ousmane Dembele|Kylian Mbappe|Olivier Giroud|subs France,Unai Simon|Pedro Porro|Pau Cubarsi|Aymeric Laporte|Marc Cucurella|Rodri|Pedri|Lamine Yamal|Dani Olmo|Alex Baena|Mikel Oyarzabal|subs Spain
102,2026-07-15,England,Argentina,1-2,1-2,NaN,World Cup / Semi-final,Jordan Pickford|Kyle Walker|John Stones|Harry Maguire|Luke Shaw|Declan Rice|Jude Bellingham|Phil Foden|Bukayo Saka|Harry Kane|Marcus Rashford|subs England,Emiliano Martinez|Nahuel Molina|Cristian Romero|Lisandro Martinez|Nicolas Tagliafico|Rodrigo De Paul|Leandro Paredes|Alexis Mac Allister|Enzo Fernandez|Lionel Messi|Julian Alvarez|subs Argentina
103,2026-07-18,England,France,6-4,6-4,NaN,World Cup / Third Place,Jordan Pickford|Kyle Walker|John Stones|Harry Maguire|Luke Shaw|Declan Rice|Jude Bellingham|Phil Foden|Bukayo Saka|Harry Kane|Marcus Rashford|subs England,Mike Maignan|Jules Kounde|Dayot Upamecano|Ibrahima Konate|Theo Hernandez|Eduardo Camavinga|Warren Zaire Emery|Antoine Griezmann|Ousmane Dembele|Kylian Mbappe|Olivier Giroud|subs France
104,2026-07-19,Spain,Argentina,1-0,1-0,NaN,World Cup / Final,Unai Simon|Pedro Porro|Pau Cubarsi|Aymeric Laporte|Marc Cucurella|Rodri|Pedri|Lamine Yamal|Dani Olmo|Alex Baena|Mikel Oyarzabal|subs Spain,Emiliano Martinez|Nahuel Molina|Cristian Romero|Lisandro Martinez|Nicolas Tagliafico|Rodrigo De Paul|Leandro Paredes|Alexis Mac Allister|Enzo Fernandez|Lionel Messi|Julian Alvarez|subs Argentina